-- phpMyAdmin SQL Dump
-- version 4.9.7
-- https://www.phpmyadmin.net/
--
-- Host: localhost:3306
-- Generation Time: Aug 28, 2021 at 03:47 PM
-- Server version: 10.3.30-MariaDB-cll-lve
-- PHP Version: 7.3.28

SET SQL_MODE = "NO_AUTO_VALUE_ON_ZERO";
SET AUTOCOMMIT = 0;
START TRANSACTION;
SET time_zone = "+00:00";


/*!40101 SET @OLD_CHARACTER_SET_CLIENT=@@CHARACTER_SET_CLIENT */;
/*!40101 SET @OLD_CHARACTER_SET_RESULTS=@@CHARACTER_SET_RESULTS */;
/*!40101 SET @OLD_COLLATION_CONNECTION=@@COLLATION_CONNECTION */;
/*!40101 SET NAMES utf8mb4 */;

--
-- Database: `wijayate_siperan`
--

-- --------------------------------------------------------

--
-- Table structure for table `failed_jobs`
--

CREATE TABLE `failed_jobs` (
  `id` bigint(20) UNSIGNED NOT NULL,
  `connection` text COLLATE utf8mb4_unicode_ci NOT NULL,
  `queue` text COLLATE utf8mb4_unicode_ci NOT NULL,
  `payload` longtext COLLATE utf8mb4_unicode_ci NOT NULL,
  `exception` longtext COLLATE utf8mb4_unicode_ci NOT NULL,
  `failed_at` timestamp NOT NULL DEFAULT current_timestamp()
) ENGINE=InnoDB DEFAULT CHARSET=utf8mb4 COLLATE=utf8mb4_unicode_ci;

-- --------------------------------------------------------

--
-- Table structure for table `kantor_cabangs`
--

CREATE TABLE `kantor_cabangs` (
  `id` bigint(20) UNSIGNED NOT NULL,
  `slug` varchar(255) COLLATE utf8mb4_unicode_ci NOT NULL,
  `cabang` varchar(255) COLLATE utf8mb4_unicode_ci NOT NULL,
  `created_by` varchar(255) COLLATE utf8mb4_unicode_ci NOT NULL,
  `updated_by` varchar(255) COLLATE utf8mb4_unicode_ci DEFAULT NULL,
  `deleted_at` timestamp NULL DEFAULT NULL,
  `created_at` timestamp NULL DEFAULT NULL,
  `updated_at` timestamp NULL DEFAULT NULL
) ENGINE=InnoDB DEFAULT CHARSET=utf8mb4 COLLATE=utf8mb4_unicode_ci;

--
-- Dumping data for table `kantor_cabangs`
--

INSERT INTO `kantor_cabangs` (`id`, `slug`, `cabang`, `created_by`, `updated_by`, `deleted_at`, `created_at`, `updated_at`) VALUES
(1, '', 'purwokerto', '1', '1', NULL, '2021-08-14 07:00:45', '2021-08-14 07:00:45'),
(2, '', 'bandung', '1', '1', NULL, '2021-08-14 07:00:52', '2021-08-14 07:00:52'),
(3, '', 'jakarta', '1', '1', NULL, '2021-08-14 07:01:20', '2021-08-14 07:01:20'),
(4, '', 'banyumas', '1', '1', NULL, '2021-08-15 10:43:52', '2021-08-15 10:43:52'),
(5, '', 'pemalang', '1', '1', NULL, '2021-08-15 10:44:00', '2021-08-15 10:44:00'),
(6, '', 'pekalongan', '1', '1', NULL, '2021-08-15 10:44:08', '2021-08-15 10:44:08'),
(7, '', 'purbalingga', '1', '1', NULL, '2021-08-15 10:44:20', '2021-08-15 10:44:20'),
(8, '', 'banjarnegara', '1', '1', NULL, '2021-08-15 10:44:30', '2021-08-15 10:44:30'),
(9, '', 'batang', '1', '1', NULL, '2021-08-15 10:44:39', '2021-08-15 10:44:39'),
(10, '', 'bumiayu', '1', '1', NULL, '2021-08-15 10:44:48', '2021-08-15 10:44:48'),
(11, 'kersana', 'Kersana', '1', '1', NULL, '2021-08-26 04:07:32', '2021-08-26 04:07:32'),
(12, 'cisaga', 'Cisaga', '1', '1', NULL, '2021-08-27 16:03:26', '2021-08-27 16:03:26');

-- --------------------------------------------------------

--
-- Table structure for table `migrations`
--

CREATE TABLE `migrations` (
  `id` int(10) UNSIGNED NOT NULL,
  `migration` varchar(255) COLLATE utf8mb4_unicode_ci NOT NULL,
  `batch` int(11) NOT NULL
) ENGINE=InnoDB DEFAULT CHARSET=utf8mb4 COLLATE=utf8mb4_unicode_ci;

--
-- Dumping data for table `migrations`
--

INSERT INTO `migrations` (`id`, `migration`, `batch`) VALUES
(1, '2014_10_12_000000_create_users_table', 1),
(2, '2014_10_12_100000_create_password_resets_table', 1),
(3, '2019_08_19_000000_create_failed_jobs_table', 1),
(4, '2021_08_13_034826_create_kantor_cabangs_table', 2),
(5, '2021_08_14_080326_create_reports_table', 3),
(7, '2021_08_15_230455_rename_drop_colomn_program_kerja_table', 5),
(8, '2021_08_22_140631_create_perkembangans_table', 6),
(9, '2021_08_22_150349_add_cabang_to_user_table', 6),
(10, '2021_08_22_152354_create_permission_tables', 6),
(11, '2021_08_15_084728_create_program_kerjas_table', 7),
(12, '2021_08_24_220604_add_colomn_comulative_to_perkembangans_table', 8),
(13, '2021_08_27_214710_add_hari_kerja_on_perkembangans_table', 8);

-- --------------------------------------------------------

--
-- Table structure for table `model_has_permissions`
--

CREATE TABLE `model_has_permissions` (
  `permission_id` bigint(20) UNSIGNED NOT NULL,
  `model_type` varchar(255) COLLATE utf8mb4_unicode_ci NOT NULL,
  `model_id` bigint(20) UNSIGNED NOT NULL
) ENGINE=InnoDB DEFAULT CHARSET=utf8mb4 COLLATE=utf8mb4_unicode_ci;

-- --------------------------------------------------------

--
-- Table structure for table `model_has_roles`
--

CREATE TABLE `model_has_roles` (
  `role_id` bigint(20) UNSIGNED NOT NULL,
  `model_type` varchar(255) COLLATE utf8mb4_unicode_ci NOT NULL,
  `model_id` bigint(20) UNSIGNED NOT NULL
) ENGINE=InnoDB DEFAULT CHARSET=utf8mb4 COLLATE=utf8mb4_unicode_ci;

--
-- Dumping data for table `model_has_roles`
--

INSERT INTO `model_has_roles` (`role_id`, `model_type`, `model_id`) VALUES
(1, 'App\\User', 1),
(2, 'App\\User', 2),
(2, 'App\\User', 3),
(2, 'App\\User', 4),
(2, 'App\\User', 5);

-- --------------------------------------------------------

--
-- Table structure for table `password_resets`
--

CREATE TABLE `password_resets` (
  `email` varchar(255) COLLATE utf8mb4_unicode_ci NOT NULL,
  `token` varchar(255) COLLATE utf8mb4_unicode_ci NOT NULL,
  `created_at` timestamp NULL DEFAULT NULL
) ENGINE=InnoDB DEFAULT CHARSET=utf8mb4 COLLATE=utf8mb4_unicode_ci;

-- --------------------------------------------------------

--
-- Table structure for table `perkembangans`
--

CREATE TABLE `perkembangans` (
  `id` bigint(20) UNSIGNED NOT NULL,
  `program_kerja_id` bigint(20) DEFAULT NULL,
  `tanggal` date DEFAULT NULL,
  `cabang` int(11) DEFAULT NULL,
  `drops` bigint(20) DEFAULT NULL,
  `storting` bigint(20) DEFAULT NULL,
  `psp` bigint(20) DEFAULT NULL,
  `drop_tunda` bigint(20) DEFAULT NULL,
  `storting_tunda` bigint(20) DEFAULT NULL,
  `tkp` bigint(20) DEFAULT NULL,
  `sisa_kas` bigint(20) DEFAULT NULL,
  `hari_kerja` int(11) DEFAULT NULL,
  `cum_drops` bigint(20) DEFAULT NULL,
  `cum_storting` bigint(20) DEFAULT NULL,
  `cum_psp` bigint(20) DEFAULT NULL,
  `cum_drop_tunda` bigint(20) DEFAULT NULL,
  `cum_storting_tunda` bigint(20) DEFAULT NULL,
  `cum_tkp` bigint(20) DEFAULT NULL,
  `cum_sisa_kas` bigint(20) DEFAULT NULL,
  `created_by` varchar(255) COLLATE utf8mb4_unicode_ci DEFAULT NULL,
  `updated_by` varchar(255) COLLATE utf8mb4_unicode_ci DEFAULT NULL,
  `deleted_at` timestamp NULL DEFAULT NULL,
  `created_at` timestamp NULL DEFAULT NULL,
  `updated_at` timestamp NULL DEFAULT NULL
) ENGINE=InnoDB DEFAULT CHARSET=utf8mb4 COLLATE=utf8mb4_unicode_ci;

--
-- Dumping data for table `perkembangans`
--

INSERT INTO `perkembangans` (`id`, `program_kerja_id`, `tanggal`, `cabang`, `drops`, `storting`, `psp`, `drop_tunda`, `storting_tunda`, `tkp`, `sisa_kas`, `hari_kerja`, `cum_drops`, `cum_storting`, `cum_psp`, `cum_drop_tunda`, `cum_storting_tunda`, `cum_tkp`, `cum_sisa_kas`, `created_by`, `updated_by`, `deleted_at`, `created_at`, `updated_at`) VALUES
(1, NULL, '2021-08-23', 1, 1830953, 2197144, 91548, 27765, 2777, 439429, 644716, NULL, NULL, NULL, NULL, NULL, NULL, NULL, NULL, '1', '1', NULL, '2021-08-23 13:55:51', '2021-08-23 13:55:51'),
(2, NULL, '2021-08-23', 2, 1757035, 2108442, 87852, 64272, 6427, 421688, 1088803, NULL, NULL, NULL, NULL, NULL, NULL, NULL, NULL, '1', '1', NULL, '2021-08-23 13:55:51', '2021-08-23 13:55:51'),
(3, NULL, '2021-08-23', 3, 1461701, 1754041, 73085, 35499, 3550, 350808, 2249298, NULL, NULL, NULL, NULL, NULL, NULL, NULL, NULL, '1', '1', NULL, '2021-08-23 13:55:51', '2021-08-23 13:55:51'),
(4, NULL, '2021-08-23', 4, 1799904, 2159885, 89995, 17002, 1700, 431977, 265252, NULL, NULL, NULL, NULL, NULL, NULL, NULL, NULL, '1', '1', NULL, '2021-08-23 13:55:51', '2021-08-23 13:55:51'),
(5, NULL, '2021-08-23', 5, 2307063, 2768476, 115353, 20616, 2062, 553695, 1573984, NULL, NULL, NULL, NULL, NULL, NULL, NULL, NULL, '1', '1', NULL, '2021-08-23 13:55:51', '2021-08-23 13:55:51'),
(6, NULL, '2021-08-23', 6, 1667268, 2000722, 83363, 35654, 3565, 400144, 932070, NULL, NULL, NULL, NULL, NULL, NULL, NULL, NULL, '1', '1', NULL, '2021-08-23 13:55:51', '2021-08-23 13:55:51'),
(7, NULL, '2021-08-23', 7, 1389592, 1667510, 69480, 38439, 3844, 333502, 1545925, NULL, NULL, NULL, NULL, NULL, NULL, NULL, NULL, '1', '1', NULL, '2021-08-23 13:55:51', '2021-08-23 13:55:51'),
(8, NULL, '2021-08-23', 8, 1501964, 1802357, 75098, 50918, 5092, 360471, 1009313, NULL, NULL, NULL, NULL, NULL, NULL, NULL, NULL, '1', '1', NULL, '2021-08-23 13:55:51', '2021-08-23 13:55:51'),
(9, NULL, '2021-08-23', 9, 1287570, 1545084, 64379, 45019, 4502, 309017, 2349962, NULL, NULL, NULL, NULL, NULL, NULL, NULL, NULL, '1', '1', NULL, '2021-08-23 13:55:51', '2021-08-23 13:55:51'),
(10, NULL, '2021-08-23', 10, 2200766, 2640919, 110038, 74970, 7497, 528184, 1954839, NULL, NULL, NULL, NULL, NULL, NULL, NULL, NULL, '1', '1', NULL, '2021-08-23 13:55:51', '2021-08-23 13:55:51'),
(11, NULL, '2021-08-22', 1, 2203715, 2644458, 110186, 7828, 783, 528892, 364513, NULL, NULL, NULL, NULL, NULL, NULL, NULL, NULL, '1', '1', NULL, '2021-08-23 13:55:51', '2021-08-23 13:55:51'),
(12, NULL, '2021-08-22', 2, 1257110, 1508532, 62856, 62503, 6250, 301706, 1356268, NULL, NULL, NULL, NULL, NULL, NULL, NULL, NULL, '1', '1', NULL, '2021-08-23 13:55:51', '2021-08-23 13:55:51'),
(13, NULL, '2021-08-22', 3, 1660326, 1992391, 83016, 21008, 2101, 398478, 246171, NULL, NULL, NULL, NULL, NULL, NULL, NULL, NULL, '1', '1', NULL, '2021-08-23 13:55:51', '2021-08-23 13:55:51'),
(14, NULL, '2021-08-22', 4, 1635767, 1962920, 81788, 46342, 4634, 392584, 280993, NULL, NULL, NULL, NULL, NULL, NULL, NULL, NULL, '1', '1', NULL, '2021-08-23 13:55:51', '2021-08-23 13:55:51'),
(15, NULL, '2021-08-22', 5, 2213025, 2655630, 110651, 61819, 6182, 531126, 709646, NULL, NULL, NULL, NULL, NULL, NULL, NULL, NULL, '1', '1', NULL, '2021-08-23 13:55:51', '2021-08-23 13:55:51'),
(16, NULL, '2021-08-22', 6, 1013222, 1215866, 50661, 49744, 4974, 243173, 169851, NULL, NULL, NULL, NULL, NULL, NULL, NULL, NULL, '1', '1', NULL, '2021-08-23 13:55:51', '2021-08-23 13:55:51'),
(17, NULL, '2021-08-22', 7, 2060993, 2473192, 103050, 49484, 4948, 494638, 1369241, NULL, NULL, NULL, NULL, NULL, NULL, NULL, NULL, '1', '1', NULL, '2021-08-23 13:55:51', '2021-08-23 13:55:51'),
(18, NULL, '2021-08-22', 8, 2239015, 2686818, 111951, 4510, 451, 537364, 1327482, NULL, NULL, NULL, NULL, NULL, NULL, NULL, NULL, '1', '1', NULL, '2021-08-23 13:55:51', '2021-08-23 13:55:51'),
(19, NULL, '2021-08-22', 9, 1468375, 1762050, 73419, 47963, 4796, 352410, 163511, NULL, NULL, NULL, NULL, NULL, NULL, NULL, NULL, '1', '1', NULL, '2021-08-23 13:55:51', '2021-08-23 13:55:51'),
(20, NULL, '2021-08-22', 10, 1914043, 2296852, 95702, 53647, 5365, 459370, 1717070, NULL, NULL, NULL, NULL, NULL, NULL, NULL, NULL, '1', '1', NULL, '2021-08-23 13:55:51', '2021-08-23 13:55:51'),
(21, NULL, '2021-08-21', 1, 1185885, 1423062, 59294, 44962, 4496, 284612, 396732, NULL, NULL, NULL, NULL, NULL, NULL, NULL, NULL, '1', '1', NULL, '2021-08-23 13:55:51', '2021-08-23 13:55:51'),
(22, NULL, '2021-08-21', 2, 1520742, 1824890, 76037, 15508, 1551, 364978, 606917, NULL, NULL, NULL, NULL, NULL, NULL, NULL, NULL, '1', '1', NULL, '2021-08-23 13:55:51', '2021-08-23 13:55:51'),
(23, NULL, '2021-08-21', 3, 1488525, 1786230, 74426, 12115, 1212, 357246, 1853519, NULL, NULL, NULL, NULL, NULL, NULL, NULL, NULL, '1', '1', NULL, '2021-08-23 13:55:51', '2021-08-23 13:55:51'),
(24, NULL, '2021-08-21', 4, 1547501, 1857001, 77375, 3451, 345, 371400, 1953478, NULL, NULL, NULL, NULL, NULL, NULL, NULL, NULL, '1', '1', NULL, '2021-08-23 13:55:51', '2021-08-23 13:55:51'),
(25, NULL, '2021-08-21', 5, 2355689, 2826827, 117784, 19672, 1967, 565365, 2463971, NULL, NULL, NULL, NULL, NULL, NULL, NULL, NULL, '1', '1', NULL, '2021-08-23 13:55:51', '2021-08-23 13:55:51'),
(26, NULL, '2021-08-21', 6, 1970954, 2365145, 98548, 37406, 3741, 473029, 1486413, NULL, NULL, NULL, NULL, NULL, NULL, NULL, NULL, '1', '1', NULL, '2021-08-23 13:55:51', '2021-08-23 13:55:51'),
(27, NULL, '2021-08-21', 7, 2148675, 2578410, 107434, 45325, 4533, 515682, 1243887, NULL, NULL, NULL, NULL, NULL, NULL, NULL, NULL, '1', '1', NULL, '2021-08-23 13:55:51', '2021-08-23 13:55:51'),
(28, NULL, '2021-08-21', 8, 1396117, 1675340, 69806, 70097, 7010, 335068, 1760155, NULL, NULL, NULL, NULL, NULL, NULL, NULL, NULL, '1', '1', NULL, '2021-08-23 13:55:51', '2021-08-23 13:55:51'),
(29, NULL, '2021-08-21', 9, 2348634, 2818361, 117432, 61781, 6178, 563672, 2427468, NULL, NULL, NULL, NULL, NULL, NULL, NULL, NULL, '1', '1', NULL, '2021-08-23 13:55:51', '2021-08-23 13:55:51'),
(30, NULL, '2021-08-21', 10, 1401282, 1681538, 70064, 71270, 7127, 336308, 1760001, NULL, NULL, NULL, NULL, NULL, NULL, NULL, NULL, '1', '1', NULL, '2021-08-23 13:55:51', '2021-08-23 13:55:51'),
(31, NULL, '2021-08-20', 1, 2481416, 2977699, 124071, 47147, 4715, 595540, 2057855, NULL, NULL, NULL, NULL, NULL, NULL, NULL, NULL, '1', '1', NULL, '2021-08-23 13:55:51', '2021-08-23 13:55:51'),
(32, NULL, '2021-08-20', 2, 2183946, 2620735, 109197, 14254, 1425, 524147, 810244, NULL, NULL, NULL, NULL, NULL, NULL, NULL, NULL, '1', '1', NULL, '2021-08-23 13:55:51', '2021-08-23 13:55:51'),
(33, NULL, '2021-08-20', 3, 1000178, 1200214, 50009, 17490, 1749, 240043, 2262718, NULL, NULL, NULL, NULL, NULL, NULL, NULL, NULL, '1', '1', NULL, '2021-08-23 13:55:51', '2021-08-23 13:55:51'),
(34, NULL, '2021-08-20', 4, 1713080, 2055696, 85654, 42557, 4256, 411139, 891181, NULL, NULL, NULL, NULL, NULL, NULL, NULL, NULL, '1', '1', NULL, '2021-08-23 13:55:51', '2021-08-23 13:55:51'),
(35, NULL, '2021-08-20', 5, 2248597, 2698316, 112430, 70185, 7019, 539663, 188095, NULL, NULL, NULL, NULL, NULL, NULL, NULL, NULL, '1', '1', NULL, '2021-08-23 13:55:51', '2021-08-23 13:55:51'),
(36, NULL, '2021-08-20', 6, 1590803, 1908964, 79540, 48685, 4869, 381793, 479092, NULL, NULL, NULL, NULL, NULL, NULL, NULL, NULL, '1', '1', NULL, '2021-08-23 13:55:51', '2021-08-23 13:55:51'),
(37, NULL, '2021-08-20', 7, 1776498, 2131798, 88825, 70728, 7073, 426360, 2200725, NULL, NULL, NULL, NULL, NULL, NULL, NULL, NULL, '1', '1', NULL, '2021-08-23 13:55:51', '2021-08-23 13:55:51'),
(38, NULL, '2021-08-20', 8, 1106275, 1327530, 55314, 26276, 2628, 265506, 1142975, NULL, NULL, NULL, NULL, NULL, NULL, NULL, NULL, '1', '1', NULL, '2021-08-23 13:55:51', '2021-08-23 13:55:51'),
(39, NULL, '2021-08-20', 9, 1993752, 2392502, 99688, 14649, 1465, 478500, 2386616, NULL, NULL, NULL, NULL, NULL, NULL, NULL, NULL, '1', '1', NULL, '2021-08-23 13:55:51', '2021-08-23 13:55:51'),
(40, NULL, '2021-08-20', 10, 1169570, 1403484, 58479, 4706, 471, 280697, 134804, NULL, NULL, NULL, NULL, NULL, NULL, NULL, NULL, '1', '1', NULL, '2021-08-23 13:55:51', '2021-08-23 13:55:51'),
(41, NULL, '2021-08-19', 1, 2377302, 2852762, 118865, 52952, 5295, 570552, 2216178, NULL, NULL, NULL, NULL, NULL, NULL, NULL, NULL, '1', '1', NULL, '2021-08-23 13:55:51', '2021-08-23 13:55:51'),
(42, NULL, '2021-08-19', 2, 1630403, 1956484, 81520, 31898, 3190, 391297, 105036, NULL, NULL, NULL, NULL, NULL, NULL, NULL, NULL, '1', '1', NULL, '2021-08-23 13:55:51', '2021-08-23 13:55:51'),
(43, NULL, '2021-08-19', 3, 2302999, 2763599, 115150, 60827, 6083, 552720, 1579658, NULL, NULL, NULL, NULL, NULL, NULL, NULL, NULL, '1', '1', NULL, '2021-08-23 13:55:51', '2021-08-23 13:55:51'),
(44, NULL, '2021-08-19', 4, 1861941, 2234329, 93097, 53814, 5381, 446866, 552853, NULL, NULL, NULL, NULL, NULL, NULL, NULL, NULL, '1', '1', NULL, '2021-08-23 13:55:51', '2021-08-23 13:55:51'),
(45, NULL, '2021-08-19', 5, 2060961, 2473153, 103048, 14965, 1497, 494631, 2464849, NULL, NULL, NULL, NULL, NULL, NULL, NULL, NULL, '1', '1', NULL, '2021-08-23 13:55:51', '2021-08-23 13:55:51'),
(46, NULL, '2021-08-19', 6, 2113185, 2535822, 105659, 29021, 2902, 507164, 1083257, NULL, NULL, NULL, NULL, NULL, NULL, NULL, NULL, '1', '1', NULL, '2021-08-23 13:55:51', '2021-08-23 13:55:51'),
(47, NULL, '2021-08-19', 7, 2034269, 2441123, 101713, 60056, 6006, 488225, 2028556, NULL, NULL, NULL, NULL, NULL, NULL, NULL, NULL, '1', '1', NULL, '2021-08-23 13:55:51', '2021-08-23 13:55:51'),
(48, NULL, '2021-08-19', 8, 1477765, 1773318, 73888, 70383, 7038, 354664, 2279843, NULL, NULL, NULL, NULL, NULL, NULL, NULL, NULL, '1', '1', NULL, '2021-08-23 13:55:51', '2021-08-23 13:55:51'),
(49, NULL, '2021-08-19', 9, 1371519, 1645823, 68576, 3761, 376, 329165, 2304647, NULL, NULL, NULL, NULL, NULL, NULL, NULL, NULL, '1', '1', NULL, '2021-08-23 13:55:51', '2021-08-23 13:55:51'),
(50, NULL, '2021-08-19', 10, 1160177, 1392212, 58009, 37961, 3796, 278442, 815117, NULL, NULL, NULL, NULL, NULL, NULL, NULL, NULL, '1', '1', NULL, '2021-08-23 13:55:51', '2021-08-23 13:55:51'),
(51, NULL, '2021-08-18', 1, 2125228, 2550274, 106261, 30661, 3066, 510055, 2210303, NULL, NULL, NULL, NULL, NULL, NULL, NULL, NULL, '1', '1', NULL, '2021-08-23 13:55:51', '2021-08-23 13:55:51'),
(52, NULL, '2021-08-18', 2, 1491831, 1790197, 74592, 41894, 4189, 358039, 969611, NULL, NULL, NULL, NULL, NULL, NULL, NULL, NULL, '1', '1', NULL, '2021-08-23 13:55:51', '2021-08-23 13:55:51'),
(53, NULL, '2021-08-18', 3, 1446281, 1735537, 72314, 35356, 3536, 347107, 982880, NULL, NULL, NULL, NULL, NULL, NULL, NULL, NULL, '1', '1', NULL, '2021-08-23 13:55:51', '2021-08-23 13:55:51'),
(54, NULL, '2021-08-18', 4, 2160830, 2592996, 108042, 31887, 3189, 518599, 1197713, NULL, NULL, NULL, NULL, NULL, NULL, NULL, NULL, '1', '1', NULL, '2021-08-23 13:55:51', '2021-08-23 13:55:51'),
(55, NULL, '2021-08-18', 5, 2169962, 2603954, 108498, 11786, 1179, 520791, 1027893, NULL, NULL, NULL, NULL, NULL, NULL, NULL, NULL, '1', '1', NULL, '2021-08-23 13:55:51', '2021-08-23 13:55:51'),
(56, NULL, '2021-08-18', 6, 1350250, 1620300, 67513, 42381, 4238, 324060, 1516964, NULL, NULL, NULL, NULL, NULL, NULL, NULL, NULL, '1', '1', NULL, '2021-08-23 13:55:51', '2021-08-23 13:55:51'),
(57, NULL, '2021-08-18', 7, 1645737, 1974884, 82287, 44367, 4437, 394977, 478261, NULL, NULL, NULL, NULL, NULL, NULL, NULL, NULL, '1', '1', NULL, '2021-08-23 13:55:51', '2021-08-23 13:55:51'),
(58, NULL, '2021-08-18', 8, 2206142, 2647370, 110307, 51303, 5130, 529474, 924677, NULL, NULL, NULL, NULL, NULL, NULL, NULL, NULL, '1', '1', NULL, '2021-08-23 13:55:51', '2021-08-23 13:55:51'),
(59, NULL, '2021-08-18', 9, 1536389, 1843667, 76819, 19694, 1969, 368733, 537131, NULL, NULL, NULL, NULL, NULL, NULL, NULL, NULL, '1', '1', NULL, '2021-08-23 13:55:51', '2021-08-23 13:55:51'),
(60, NULL, '2021-08-18', 10, 2013699, 2416439, 100685, 16941, 1694, 483288, 1869672, NULL, NULL, NULL, NULL, NULL, NULL, NULL, NULL, '1', '1', NULL, '2021-08-23 13:55:51', '2021-08-23 13:55:51'),
(61, NULL, '2021-08-17', 1, 2363955, 2836746, 118198, 51291, 5129, 567349, 448914, NULL, NULL, NULL, NULL, NULL, NULL, NULL, NULL, '1', '1', NULL, '2021-08-23 13:55:51', '2021-08-23 13:55:51'),
(62, NULL, '2021-08-17', 2, 1407139, 1688567, 70357, 58499, 5850, 337713, 1819346, NULL, NULL, NULL, NULL, NULL, NULL, NULL, NULL, '1', '1', NULL, '2021-08-23 13:55:51', '2021-08-23 13:55:51'),
(63, NULL, '2021-08-17', 3, 2427929, 2913515, 121396, 51462, 5146, 582703, 1692505, NULL, NULL, NULL, NULL, NULL, NULL, NULL, NULL, '1', '1', NULL, '2021-08-23 13:55:51', '2021-08-23 13:55:51'),
(64, NULL, '2021-08-17', 4, 1173131, 1407757, 58657, 65518, 6552, 281551, 764598, NULL, NULL, NULL, NULL, NULL, NULL, NULL, NULL, '1', '1', NULL, '2021-08-23 13:55:51', '2021-08-23 13:55:51'),
(65, NULL, '2021-08-17', 5, 2100133, 2520160, 105007, 36256, 3626, 504032, 1548881, NULL, NULL, NULL, NULL, NULL, NULL, NULL, NULL, '1', '1', NULL, '2021-08-23 13:55:51', '2021-08-23 13:55:51'),
(66, NULL, '2021-08-17', 6, 1289367, 1547240, 64468, 4691, 469, 309448, 1105066, NULL, NULL, NULL, NULL, NULL, NULL, NULL, NULL, '1', '1', NULL, '2021-08-23 13:55:51', '2021-08-23 13:55:51'),
(67, NULL, '2021-08-17', 7, 2261015, 2713218, 113051, 64542, 6454, 542644, 2219605, NULL, NULL, NULL, NULL, NULL, NULL, NULL, NULL, '1', '1', NULL, '2021-08-23 13:55:51', '2021-08-23 13:55:51'),
(68, NULL, '2021-08-17', 8, 2043104, 2451725, 102155, 15074, 1507, 490345, 1366025, NULL, NULL, NULL, NULL, NULL, NULL, NULL, NULL, '1', '1', NULL, '2021-08-23 13:55:51', '2021-08-23 13:55:51'),
(69, NULL, '2021-08-17', 9, 1155925, 1387110, 57796, 34126, 3413, 277422, 680253, NULL, NULL, NULL, NULL, NULL, NULL, NULL, NULL, '1', '1', NULL, '2021-08-23 13:55:51', '2021-08-23 13:55:51'),
(70, NULL, '2021-08-17', 10, 1372412, 1646894, 68621, 67824, 6782, 329379, 2448343, NULL, NULL, NULL, NULL, NULL, NULL, NULL, NULL, '1', '1', NULL, '2021-08-23 13:55:51', '2021-08-23 13:55:51'),
(71, NULL, '2021-08-16', 1, 1881743, 2258092, 94087, 74429, 7443, 451618, 1935449, NULL, NULL, NULL, NULL, NULL, NULL, NULL, NULL, '1', '1', NULL, '2021-08-23 13:55:51', '2021-08-23 13:55:51'),
(72, NULL, '2021-08-16', 2, 2474769, 2969723, 123738, 24896, 2490, 593945, 593502, NULL, NULL, NULL, NULL, NULL, NULL, NULL, NULL, '1', '1', NULL, '2021-08-23 13:55:51', '2021-08-23 13:55:51'),
(73, NULL, '2021-08-16', 3, 1247106, 1496527, 62355, 51321, 5132, 299305, 2467382, NULL, NULL, NULL, NULL, NULL, NULL, NULL, NULL, '1', '1', NULL, '2021-08-23 13:55:51', '2021-08-23 13:55:51'),
(74, NULL, '2021-08-16', 4, 2354983, 2825980, 117749, 54514, 5451, 565196, 505686, NULL, NULL, NULL, NULL, NULL, NULL, NULL, NULL, '1', '1', NULL, '2021-08-23 13:55:51', '2021-08-23 13:55:51'),
(75, NULL, '2021-08-16', 5, 1221552, 1465862, 61078, 69231, 6923, 293172, 510462, NULL, NULL, NULL, NULL, NULL, NULL, NULL, NULL, '1', '1', NULL, '2021-08-23 13:55:51', '2021-08-23 13:55:51'),
(76, NULL, '2021-08-16', 6, 2409421, 2891305, 120471, 11958, 1196, 578261, 1690028, NULL, NULL, NULL, NULL, NULL, NULL, NULL, NULL, '1', '1', NULL, '2021-08-23 13:55:51', '2021-08-23 13:55:51'),
(77, NULL, '2021-08-16', 7, 1915900, 2299080, 95795, 8587, 859, 459816, 2064083, NULL, NULL, NULL, NULL, NULL, NULL, NULL, NULL, '1', '1', NULL, '2021-08-23 13:55:51', '2021-08-23 13:55:51'),
(78, NULL, '2021-08-16', 8, 1857811, 2229373, 92891, 24106, 2411, 445875, 377221, NULL, NULL, NULL, NULL, NULL, NULL, NULL, NULL, '1', '1', NULL, '2021-08-23 13:55:51', '2021-08-23 13:55:51'),
(79, NULL, '2021-08-16', 9, 1603089, 1923707, 80154, 24881, 2488, 384741, 698490, NULL, NULL, NULL, NULL, NULL, NULL, NULL, NULL, '1', '1', NULL, '2021-08-23 13:55:51', '2021-08-23 13:55:51'),
(80, NULL, '2021-08-16', 10, 1242827, 1491392, 62141, 19873, 1987, 298278, 1700542, NULL, NULL, NULL, NULL, NULL, NULL, NULL, NULL, '1', '1', NULL, '2021-08-23 13:55:51', '2021-08-23 13:55:51'),
(81, NULL, '2021-08-15', 1, 1279370, 1535244, 63969, 5722, 572, 307049, 1166890, NULL, NULL, NULL, NULL, NULL, NULL, NULL, NULL, '1', '1', NULL, '2021-08-23 13:55:51', '2021-08-23 13:55:51'),
(82, NULL, '2021-08-15', 2, 1785118, 2142142, 89256, 21851, 2185, 428428, 2495037, NULL, NULL, NULL, NULL, NULL, NULL, NULL, NULL, '1', '1', NULL, '2021-08-23 13:55:51', '2021-08-23 13:55:51'),
(83, NULL, '2021-08-15', 3, 2385453, 2862544, 119273, 2627, 263, 572509, 1263773, NULL, NULL, NULL, NULL, NULL, NULL, NULL, NULL, '1', '1', NULL, '2021-08-23 13:55:51', '2021-08-23 13:55:51'),
(84, NULL, '2021-08-15', 4, 2263732, 2716478, 113187, 51887, 5189, 543296, 2352730, NULL, NULL, NULL, NULL, NULL, NULL, NULL, NULL, '1', '1', NULL, '2021-08-23 13:55:51', '2021-08-23 13:55:51'),
(85, NULL, '2021-08-15', 5, 1815850, 2179020, 90793, 34456, 3446, 435804, 754360, NULL, NULL, NULL, NULL, NULL, NULL, NULL, NULL, '1', '1', NULL, '2021-08-23 13:55:51', '2021-08-23 13:55:51'),
(86, NULL, '2021-08-15', 6, 1196047, 1435256, 59802, 36724, 3672, 287051, 898782, NULL, NULL, NULL, NULL, NULL, NULL, NULL, NULL, '1', '1', NULL, '2021-08-23 13:55:51', '2021-08-23 13:55:51'),
(87, NULL, '2021-08-15', 7, 2095067, 2514080, 104753, 37401, 3740, 502816, 2232412, NULL, NULL, NULL, NULL, NULL, NULL, NULL, NULL, '1', '1', NULL, '2021-08-23 13:55:51', '2021-08-23 13:55:51'),
(88, NULL, '2021-08-15', 8, 1085100, 1302120, 54255, 29415, 2942, 260424, 300481, NULL, NULL, NULL, NULL, NULL, NULL, NULL, NULL, '1', '1', NULL, '2021-08-23 13:55:51', '2021-08-23 13:55:51'),
(89, NULL, '2021-08-15', 9, 1100996, 1321195, 55050, 61630, 6163, 264239, 443381, NULL, NULL, NULL, NULL, NULL, NULL, NULL, NULL, '1', '1', NULL, '2021-08-23 13:55:51', '2021-08-23 13:55:51'),
(90, NULL, '2021-08-15', 10, 2343989, 2812787, 117199, 28985, 2899, 562557, 1977051, NULL, NULL, NULL, NULL, NULL, NULL, NULL, NULL, '1', '1', NULL, '2021-08-23 13:55:51', '2021-08-23 13:55:51'),
(91, NULL, '2021-08-14', 1, 2271696, 2726035, 113585, 44184, 4418, 545207, 248983, NULL, NULL, NULL, NULL, NULL, NULL, NULL, NULL, '1', '1', NULL, '2021-08-23 13:55:51', '2021-08-23 13:55:51'),
(92, NULL, '2021-08-14', 2, 1387237, 1664684, 69362, 27191, 2719, 332937, 1717153, NULL, NULL, NULL, NULL, NULL, NULL, NULL, NULL, '1', '1', NULL, '2021-08-23 13:55:51', '2021-08-23 13:55:51'),
(93, NULL, '2021-08-14', 3, 1851289, 2221547, 92564, 56370, 5637, 444309, 454809, NULL, NULL, NULL, NULL, NULL, NULL, NULL, NULL, '1', '1', NULL, '2021-08-23 13:55:51', '2021-08-23 13:55:51'),
(94, NULL, '2021-08-14', 4, 1527600, 1833120, 76380, 19381, 1938, 366624, 256859, NULL, NULL, NULL, NULL, NULL, NULL, NULL, NULL, '1', '1', NULL, '2021-08-23 13:55:51', '2021-08-23 13:55:51'),
(95, NULL, '2021-08-14', 5, 2083022, 2499626, 104151, 49656, 4966, 499925, 469663, NULL, NULL, NULL, NULL, NULL, NULL, NULL, NULL, '1', '1', NULL, '2021-08-23 13:55:51', '2021-08-23 13:55:51'),
(96, NULL, '2021-08-14', 6, 2040876, 2449051, 102044, 28354, 2835, 489810, 1437085, NULL, NULL, NULL, NULL, NULL, NULL, NULL, NULL, '1', '1', NULL, '2021-08-23 13:55:51', '2021-08-23 13:55:51'),
(97, NULL, '2021-08-14', 7, 1739536, 2087443, 86977, 32661, 3266, 417489, 403995, NULL, NULL, NULL, NULL, NULL, NULL, NULL, NULL, '1', '1', NULL, '2021-08-23 13:55:51', '2021-08-23 13:55:51'),
(98, NULL, '2021-08-14', 8, 2033906, 2440687, 101695, 38596, 3860, 488137, 974912, NULL, NULL, NULL, NULL, NULL, NULL, NULL, NULL, '1', '1', NULL, '2021-08-23 13:55:51', '2021-08-23 13:55:51'),
(99, NULL, '2021-08-14', 9, 1664811, 1997773, 83241, 55472, 5547, 399555, 1516184, NULL, NULL, NULL, NULL, NULL, NULL, NULL, NULL, '1', '1', NULL, '2021-08-23 13:55:51', '2021-08-23 13:55:51'),
(100, NULL, '2021-08-14', 10, 2100456, 2520547, 105023, 60093, 6009, 504109, 331967, NULL, NULL, NULL, NULL, NULL, NULL, NULL, NULL, '1', '1', NULL, '2021-08-23 13:55:51', '2021-08-23 13:55:51'),
(101, NULL, '2021-08-13', 1, 2105095, 2526114, 105255, 1202, 120, 505223, 2155849, NULL, NULL, NULL, NULL, NULL, NULL, NULL, NULL, '1', '1', NULL, '2021-08-23 13:55:51', '2021-08-23 13:55:51'),
(102, NULL, '2021-08-13', 2, 2117711, 2541253, 105886, 68698, 6870, 508251, 1926821, NULL, NULL, NULL, NULL, NULL, NULL, NULL, NULL, '1', '1', NULL, '2021-08-23 13:55:51', '2021-08-23 13:55:51'),
(103, NULL, '2021-08-13', 3, 1677271, 2012725, 83864, 41689, 4169, 402545, 1629661, NULL, NULL, NULL, NULL, NULL, NULL, NULL, NULL, '1', '1', NULL, '2021-08-23 13:55:51', '2021-08-23 13:55:51'),
(104, NULL, '2021-08-13', 4, 1004105, 1204926, 50205, 46399, 4640, 240985, 1098184, NULL, NULL, NULL, NULL, NULL, NULL, NULL, NULL, '1', '1', NULL, '2021-08-23 13:55:51', '2021-08-23 13:55:51'),
(105, NULL, '2021-08-13', 5, 2298701, 2758441, 114935, 71983, 7198, 551688, 1200760, NULL, NULL, NULL, NULL, NULL, NULL, NULL, NULL, '1', '1', NULL, '2021-08-23 13:55:51', '2021-08-23 13:55:51'),
(106, NULL, '2021-08-13', 6, 2245080, 2694096, 112254, 53301, 5330, 538819, 935463, NULL, NULL, NULL, NULL, NULL, NULL, NULL, NULL, '1', '1', NULL, '2021-08-23 13:55:51', '2021-08-23 13:55:51'),
(107, NULL, '2021-08-13', 7, 1910709, 2292851, 95535, 31990, 3199, 458570, 2168551, NULL, NULL, NULL, NULL, NULL, NULL, NULL, NULL, '1', '1', NULL, '2021-08-23 13:55:51', '2021-08-23 13:55:51'),
(108, NULL, '2021-08-13', 8, 1938711, 2326453, 96936, 9981, 998, 465291, 2453945, NULL, NULL, NULL, NULL, NULL, NULL, NULL, NULL, '1', '1', NULL, '2021-08-23 13:55:51', '2021-08-23 13:55:51'),
(109, NULL, '2021-08-13', 9, 1489492, 1787390, 74475, 13570, 1357, 357478, 2179706, NULL, NULL, NULL, NULL, NULL, NULL, NULL, NULL, '1', '1', NULL, '2021-08-23 13:55:51', '2021-08-23 13:55:51'),
(110, NULL, '2021-08-13', 10, 1809915, 2171898, 90496, 66914, 6691, 434380, 1030386, NULL, NULL, NULL, NULL, NULL, NULL, NULL, NULL, '1', '1', NULL, '2021-08-23 13:55:51', '2021-08-23 13:55:51'),
(111, NULL, '2021-08-12', 1, 1694069, 2032883, 84703, 22677, 2268, 406577, 2188316, NULL, NULL, NULL, NULL, NULL, NULL, NULL, NULL, '1', '1', NULL, '2021-08-23 13:55:51', '2021-08-23 13:55:51'),
(112, NULL, '2021-08-12', 2, 1365669, 1638803, 68283, 33208, 3321, 327761, 923807, NULL, NULL, NULL, NULL, NULL, NULL, NULL, NULL, '1', '1', NULL, '2021-08-23 13:55:51', '2021-08-23 13:55:51'),
(113, NULL, '2021-08-12', 3, 1054984, 1265981, 52749, 45866, 4587, 253196, 433802, NULL, NULL, NULL, NULL, NULL, NULL, NULL, NULL, '1', '1', NULL, '2021-08-23 13:55:51', '2021-08-23 13:55:51'),
(114, NULL, '2021-08-12', 4, 1923838, 2308606, 96192, 59753, 5975, 461721, 1809676, NULL, NULL, NULL, NULL, NULL, NULL, NULL, NULL, '1', '1', NULL, '2021-08-23 13:55:51', '2021-08-23 13:55:51'),
(115, NULL, '2021-08-12', 5, 1269521, 1523425, 63476, 43272, 4327, 304685, 1274084, NULL, NULL, NULL, NULL, NULL, NULL, NULL, NULL, '1', '1', NULL, '2021-08-23 13:55:51', '2021-08-23 13:55:51'),
(116, NULL, '2021-08-12', 6, 2490606, 2988727, 124530, 10232, 1023, 597745, 1864747, NULL, NULL, NULL, NULL, NULL, NULL, NULL, NULL, '1', '1', NULL, '2021-08-23 13:55:51', '2021-08-23 13:55:51'),
(117, NULL, '2021-08-12', 7, 1567398, 1880878, 78370, 21994, 2199, 376176, 1033265, NULL, NULL, NULL, NULL, NULL, NULL, NULL, NULL, '1', '1', NULL, '2021-08-23 13:55:51', '2021-08-23 13:55:51'),
(118, NULL, '2021-08-12', 8, 1105829, 1326995, 55291, 68236, 6824, 265399, 1185107, NULL, NULL, NULL, NULL, NULL, NULL, NULL, NULL, '1', '1', NULL, '2021-08-23 13:55:51', '2021-08-23 13:55:51'),
(119, NULL, '2021-08-12', 9, 2079217, 2495060, 103961, 7595, 760, 499012, 1530601, NULL, NULL, NULL, NULL, NULL, NULL, NULL, NULL, '1', '1', NULL, '2021-08-23 13:55:51', '2021-08-23 13:55:51'),
(120, NULL, '2021-08-12', 10, 1989009, 2386811, 99450, 39015, 3902, 477362, 2237633, NULL, NULL, NULL, NULL, NULL, NULL, NULL, NULL, '1', '1', NULL, '2021-08-23 13:55:51', '2021-08-23 13:55:51'),
(121, NULL, '2021-08-11', 1, 1506079, 1807295, 75304, 6576, 658, 361459, 1332028, NULL, NULL, NULL, NULL, NULL, NULL, NULL, NULL, '1', '1', NULL, '2021-08-23 13:55:51', '2021-08-23 13:55:51'),
(122, NULL, '2021-08-11', 2, 1949925, 2339910, 97496, 54913, 5491, 467982, 326043, NULL, NULL, NULL, NULL, NULL, NULL, NULL, NULL, '1', '1', NULL, '2021-08-23 13:55:51', '2021-08-23 13:55:51'),
(123, NULL, '2021-08-11', 3, 1128099, 1353719, 56405, 57861, 5786, 270744, 1380775, NULL, NULL, NULL, NULL, NULL, NULL, NULL, NULL, '1', '1', NULL, '2021-08-23 13:55:51', '2021-08-23 13:55:51'),
(124, NULL, '2021-08-11', 4, 2371839, 2846207, 118592, 64555, 6456, 569241, 1280522, NULL, NULL, NULL, NULL, NULL, NULL, NULL, NULL, '1', '1', NULL, '2021-08-23 13:55:51', '2021-08-23 13:55:51'),
(125, NULL, '2021-08-11', 5, 1024110, 1228932, 51206, 35719, 3572, 245786, 2276444, NULL, NULL, NULL, NULL, NULL, NULL, NULL, NULL, '1', '1', NULL, '2021-08-23 13:55:51', '2021-08-23 13:55:51'),
(126, NULL, '2021-08-11', 6, 1764598, 2117518, 88230, 17362, 1736, 423504, 688050, NULL, NULL, NULL, NULL, NULL, NULL, NULL, NULL, '1', '1', NULL, '2021-08-23 13:55:51', '2021-08-23 13:55:51'),
(127, NULL, '2021-08-11', 7, 1040023, 1248028, 52001, 47905, 4791, 249606, 259583, NULL, NULL, NULL, NULL, NULL, NULL, NULL, NULL, '1', '1', NULL, '2021-08-23 13:55:51', '2021-08-23 13:55:51'),
(128, NULL, '2021-08-11', 8, 1339935, 1607922, 66997, 45339, 4534, 321584, 1986006, NULL, NULL, NULL, NULL, NULL, NULL, NULL, NULL, '1', '1', NULL, '2021-08-23 13:55:51', '2021-08-23 13:55:51'),
(129, NULL, '2021-08-11', 9, 1471515, 1765818, 73576, 38119, 3812, 353164, 2433209, NULL, NULL, NULL, NULL, NULL, NULL, NULL, NULL, '1', '1', NULL, '2021-08-23 13:55:51', '2021-08-23 13:55:51'),
(130, NULL, '2021-08-11', 10, 1411491, 1693789, 70575, 26820, 2682, 338758, 2418863, NULL, NULL, NULL, NULL, NULL, NULL, NULL, NULL, '1', '1', NULL, '2021-08-23 13:55:51', '2021-08-23 13:55:51'),
(131, NULL, '2021-08-10', 1, 2470993, 2965192, 123550, 45337, 4534, 593038, 1094515, NULL, NULL, NULL, NULL, NULL, NULL, NULL, NULL, '1', '1', NULL, '2021-08-23 13:55:51', '2021-08-23 13:55:51'),
(132, NULL, '2021-08-10', 2, 2089008, 2506810, 104450, 71957, 7196, 501362, 910175, NULL, NULL, NULL, NULL, NULL, NULL, NULL, NULL, '1', '1', NULL, '2021-08-23 13:55:51', '2021-08-23 13:55:51'),
(133, NULL, '2021-08-10', 3, 1316984, 1580381, 65849, 61015, 6102, 316076, 1435347, NULL, NULL, NULL, NULL, NULL, NULL, NULL, NULL, '1', '1', NULL, '2021-08-23 13:55:51', '2021-08-23 13:55:51'),
(134, NULL, '2021-08-10', 4, 1898706, 2278447, 94935, 62494, 6249, 455689, 2034618, NULL, NULL, NULL, NULL, NULL, NULL, NULL, NULL, '1', '1', NULL, '2021-08-23 13:55:51', '2021-08-23 13:55:51'),
(135, NULL, '2021-08-10', 5, 1280742, 1536890, 64037, 41385, 4139, 307378, 1069711, NULL, NULL, NULL, NULL, NULL, NULL, NULL, NULL, '1', '1', NULL, '2021-08-23 13:55:51', '2021-08-23 13:55:51'),
(136, NULL, '2021-08-10', 6, 1171649, 1405979, 58582, 69899, 6990, 281196, 399505, NULL, NULL, NULL, NULL, NULL, NULL, NULL, NULL, '1', '1', NULL, '2021-08-23 13:55:51', '2021-08-23 13:55:51'),
(137, NULL, '2021-08-10', 7, 1016684, 1220021, 50834, 32542, 3254, 244004, 1023555, NULL, NULL, NULL, NULL, NULL, NULL, NULL, NULL, '1', '1', NULL, '2021-08-23 13:55:51', '2021-08-23 13:55:51'),
(138, NULL, '2021-08-10', 8, 1582157, 1898588, 79108, 55512, 5551, 379718, 593935, NULL, NULL, NULL, NULL, NULL, NULL, NULL, NULL, '1', '1', NULL, '2021-08-23 13:55:51', '2021-08-23 13:55:51'),
(139, NULL, '2021-08-10', 9, 1642349, 1970819, 82117, 25265, 2527, 394164, 2110072, NULL, NULL, NULL, NULL, NULL, NULL, NULL, NULL, '1', '1', NULL, '2021-08-23 13:55:51', '2021-08-23 13:55:51'),
(140, NULL, '2021-08-10', 10, 2041938, 2450326, 102097, 26305, 2631, 490065, 1325470, NULL, NULL, NULL, NULL, NULL, NULL, NULL, NULL, '1', '1', NULL, '2021-08-23 13:55:51', '2021-08-23 13:55:51'),
(141, NULL, '2021-08-09', 1, 1389446, 1667335, 69472, 66105, 6611, 333467, 1199800, NULL, NULL, NULL, NULL, NULL, NULL, NULL, NULL, '1', '1', NULL, '2021-08-23 13:55:51', '2021-08-23 13:55:51'),
(142, NULL, '2021-08-09', 2, 1958302, 2349962, 97915, 15828, 1583, 469992, 2453940, NULL, NULL, NULL, NULL, NULL, NULL, NULL, NULL, '1', '1', NULL, '2021-08-23 13:55:51', '2021-08-23 13:55:51'),
(143, NULL, '2021-08-09', 3, 1560095, 1872114, 78005, 73233, 7323, 374423, 958697, NULL, NULL, NULL, NULL, NULL, NULL, NULL, NULL, '1', '1', NULL, '2021-08-23 13:55:51', '2021-08-23 13:55:51'),
(144, NULL, '2021-08-09', 4, 2165666, 2598799, 108283, 46084, 4608, 519760, 1500546, NULL, NULL, NULL, NULL, NULL, NULL, NULL, NULL, '1', '1', NULL, '2021-08-23 13:55:51', '2021-08-23 13:55:51'),
(145, NULL, '2021-08-09', 5, 1361443, 1633732, 68072, 74767, 7477, 326746, 626267, NULL, NULL, NULL, NULL, NULL, NULL, NULL, NULL, '1', '1', NULL, '2021-08-23 13:55:51', '2021-08-23 13:55:51'),
(146, NULL, '2021-08-09', 6, 1653961, 1984753, 82698, 22363, 2236, 396951, 449776, NULL, NULL, NULL, NULL, NULL, NULL, NULL, NULL, '1', '1', NULL, '2021-08-23 13:55:51', '2021-08-23 13:55:51'),
(147, NULL, '2021-08-09', 7, 2447498, 2936998, 122375, 48981, 4898, 587400, 567261, NULL, NULL, NULL, NULL, NULL, NULL, NULL, NULL, '1', '1', NULL, '2021-08-23 13:55:51', '2021-08-23 13:55:51'),
(148, NULL, '2021-08-09', 8, 1429014, 1714817, 71451, 61740, 6174, 342963, 782746, NULL, NULL, NULL, NULL, NULL, NULL, NULL, NULL, '1', '1', NULL, '2021-08-23 13:55:51', '2021-08-23 13:55:51'),
(149, NULL, '2021-08-09', 9, 1631925, 1958310, 81596, 71613, 7161, 391662, 789566, NULL, NULL, NULL, NULL, NULL, NULL, NULL, NULL, '1', '1', NULL, '2021-08-23 13:55:51', '2021-08-23 13:55:51'),
(150, NULL, '2021-08-09', 10, 1930357, 2316428, 96518, 15285, 1529, 463286, 1776907, NULL, NULL, NULL, NULL, NULL, NULL, NULL, NULL, '1', '1', NULL, '2021-08-23 13:55:51', '2021-08-23 13:55:51'),
(151, NULL, '2021-08-08', 1, 1109477, 1331372, 55474, 50110, 5011, 266274, 1943002, NULL, NULL, NULL, NULL, NULL, NULL, NULL, NULL, '1', '1', NULL, '2021-08-23 13:55:51', '2021-08-23 13:55:51'),
(152, NULL, '2021-08-08', 2, 2392427, 2870912, 119621, 34136, 3414, 574182, 2353998, NULL, NULL, NULL, NULL, NULL, NULL, NULL, NULL, '1', '1', NULL, '2021-08-23 13:55:51', '2021-08-23 13:55:51'),
(153, NULL, '2021-08-08', 3, 1511821, 1814185, 75591, 10036, 1004, 362837, 1295035, NULL, NULL, NULL, NULL, NULL, NULL, NULL, NULL, '1', '1', NULL, '2021-08-23 13:55:51', '2021-08-23 13:55:51'),
(154, NULL, '2021-08-08', 4, 2008949, 2410739, 100447, 45777, 4578, 482148, 578546, NULL, NULL, NULL, NULL, NULL, NULL, NULL, NULL, '1', '1', NULL, '2021-08-23 13:55:51', '2021-08-23 13:55:51'),
(155, NULL, '2021-08-08', 5, 1153949, 1384739, 57697, 45449, 4545, 276948, 2301336, NULL, NULL, NULL, NULL, NULL, NULL, NULL, NULL, '1', '1', NULL, '2021-08-23 13:55:51', '2021-08-23 13:55:51'),
(156, NULL, '2021-08-08', 6, 1672868, 2007442, 83643, 48371, 4837, 401488, 298791, NULL, NULL, NULL, NULL, NULL, NULL, NULL, NULL, '1', '1', NULL, '2021-08-23 13:55:51', '2021-08-23 13:55:51'),
(157, NULL, '2021-08-08', 7, 2078397, 2494076, 103920, 40258, 4026, 498815, 2070617, NULL, NULL, NULL, NULL, NULL, NULL, NULL, NULL, '1', '1', NULL, '2021-08-23 13:55:51', '2021-08-23 13:55:51'),
(158, NULL, '2021-08-08', 8, 1709117, 2050940, 85456, 39577, 3958, 410188, 1864570, NULL, NULL, NULL, NULL, NULL, NULL, NULL, NULL, '1', '1', NULL, '2021-08-23 13:55:51', '2021-08-23 13:55:51'),
(159, NULL, '2021-08-08', 9, 1538939, 1846727, 76947, 5090, 509, 369345, 2065657, NULL, NULL, NULL, NULL, NULL, NULL, NULL, NULL, '1', '1', NULL, '2021-08-23 13:55:52', '2021-08-23 13:55:52'),
(160, NULL, '2021-08-08', 10, 1714320, 2057184, 85716, 53674, 5367, 411437, 726691, NULL, NULL, NULL, NULL, NULL, NULL, NULL, NULL, '1', '1', NULL, '2021-08-23 13:55:52', '2021-08-23 13:55:52'),
(161, NULL, '2021-08-07', 1, 1035309, 1242371, 51765, 50843, 5084, 248474, 1647884, NULL, NULL, NULL, NULL, NULL, NULL, NULL, NULL, '1', '1', NULL, '2021-08-23 13:55:52', '2021-08-23 13:55:52'),
(162, NULL, '2021-08-07', 2, 1425562, 1710674, 71278, 33579, 3358, 342135, 550599, NULL, NULL, NULL, NULL, NULL, NULL, NULL, NULL, '1', '1', NULL, '2021-08-23 13:55:52', '2021-08-23 13:55:52'),
(163, NULL, '2021-08-07', 3, 1405363, 1686436, 70268, 49162, 4916, 337287, 1338484, NULL, NULL, NULL, NULL, NULL, NULL, NULL, NULL, '1', '1', NULL, '2021-08-23 13:55:52', '2021-08-23 13:55:52'),
(164, NULL, '2021-08-07', 4, 1728826, 2074591, 86441, 66724, 6672, 414918, 2415907, NULL, NULL, NULL, NULL, NULL, NULL, NULL, NULL, '1', '1', NULL, '2021-08-23 13:55:52', '2021-08-23 13:55:52'),
(165, NULL, '2021-08-07', 5, 1880011, 2256013, 94001, 67965, 6797, 451203, 1939835, NULL, NULL, NULL, NULL, NULL, NULL, NULL, NULL, '1', '1', NULL, '2021-08-23 13:55:52', '2021-08-23 13:55:52'),
(166, NULL, '2021-08-07', 6, 1128574, 1354289, 56429, 30316, 3032, 270858, 375337, NULL, NULL, NULL, NULL, NULL, NULL, NULL, NULL, '1', '1', NULL, '2021-08-23 13:55:52', '2021-08-23 13:55:52'),
(167, NULL, '2021-08-07', 7, 1492358, 1790830, 74618, 46657, 4666, 358166, 1004793, NULL, NULL, NULL, NULL, NULL, NULL, NULL, NULL, '1', '1', NULL, '2021-08-23 13:55:52', '2021-08-23 13:55:52'),
(168, NULL, '2021-08-07', 8, 1236849, 1484219, 61842, 29236, 2924, 296844, 728559, NULL, NULL, NULL, NULL, NULL, NULL, NULL, NULL, '1', '1', NULL, '2021-08-23 13:55:52', '2021-08-23 13:55:52'),
(169, NULL, '2021-08-07', 9, 1737840, 2085408, 86892, 53014, 5301, 417082, 1355082, NULL, NULL, NULL, NULL, NULL, NULL, NULL, NULL, '1', '1', NULL, '2021-08-23 13:55:52', '2021-08-23 13:55:52'),
(170, NULL, '2021-08-07', 10, 2136325, 2563590, 106816, 54539, 5454, 512718, 196817, NULL, NULL, NULL, NULL, NULL, NULL, NULL, NULL, '1', '1', NULL, '2021-08-23 13:55:52', '2021-08-23 13:55:52'),
(171, NULL, '2021-08-06', 1, 1618066, 1941679, 80903, 61272, 6127, 388336, 1797581, NULL, NULL, NULL, NULL, NULL, NULL, NULL, NULL, '1', '1', NULL, '2021-08-23 13:55:52', '2021-08-23 13:55:52'),
(172, NULL, '2021-08-06', 2, 1979137, 2374964, 98957, 43441, 4344, 474993, 1519803, NULL, NULL, NULL, NULL, NULL, NULL, NULL, NULL, '1', '1', NULL, '2021-08-23 13:55:52', '2021-08-23 13:55:52'),
(173, NULL, '2021-08-06', 3, 1246236, 1495483, 62312, 39801, 3980, 299097, 809017, NULL, NULL, NULL, NULL, NULL, NULL, NULL, NULL, '1', '1', NULL, '2021-08-23 13:55:52', '2021-08-23 13:55:52'),
(174, NULL, '2021-08-06', 4, 1555185, 1866222, 77759, 52609, 5261, 373244, 911748, NULL, NULL, NULL, NULL, NULL, NULL, NULL, NULL, '1', '1', NULL, '2021-08-23 13:55:52', '2021-08-23 13:55:52'),
(175, NULL, '2021-08-06', 5, 1980166, 2376199, 99008, 51249, 5125, 475240, 1871993, NULL, NULL, NULL, NULL, NULL, NULL, NULL, NULL, '1', '1', NULL, '2021-08-23 13:55:52', '2021-08-23 13:55:52'),
(176, NULL, '2021-08-06', 6, 1687950, 2025540, 84398, 74509, 7451, 405108, 1695605, NULL, NULL, NULL, NULL, NULL, NULL, NULL, NULL, '1', '1', NULL, '2021-08-23 13:55:52', '2021-08-23 13:55:52'),
(177, NULL, '2021-08-06', 7, 2139792, 2567750, 106990, 30230, 3023, 513550, 1037025, NULL, NULL, NULL, NULL, NULL, NULL, NULL, NULL, '1', '1', NULL, '2021-08-23 13:55:52', '2021-08-23 13:55:52'),
(178, NULL, '2021-08-06', 8, 1141712, 1370054, 57086, 31421, 3142, 274011, 886973, NULL, NULL, NULL, NULL, NULL, NULL, NULL, NULL, '1', '1', NULL, '2021-08-23 13:55:52', '2021-08-23 13:55:52'),
(179, NULL, '2021-08-06', 9, 1934497, 2321396, 96725, 63182, 6318, 464279, 2026143, NULL, NULL, NULL, NULL, NULL, NULL, NULL, NULL, '1', '1', NULL, '2021-08-23 13:55:52', '2021-08-23 13:55:52'),
(180, NULL, '2021-08-06', 10, 1605733, 1926880, 80287, 38417, 3842, 385376, 2157493, NULL, NULL, NULL, NULL, NULL, NULL, NULL, NULL, '1', '1', NULL, '2021-08-23 13:55:52', '2021-08-23 13:55:52'),
(181, NULL, '2021-08-05', 1, 1599485, 1919382, 79974, 36323, 3632, 383876, 1159712, NULL, NULL, NULL, NULL, NULL, NULL, NULL, NULL, '1', '1', NULL, '2021-08-23 13:55:52', '2021-08-23 13:55:52'),
(182, NULL, '2021-08-05', 2, 1173377, 1408052, 58669, 69748, 6975, 281610, 731105, NULL, NULL, NULL, NULL, NULL, NULL, NULL, NULL, '1', '1', NULL, '2021-08-23 13:55:52', '2021-08-23 13:55:52'),
(183, NULL, '2021-08-05', 3, 2001520, 2401824, 100076, 26341, 2634, 480365, 1914681, NULL, NULL, NULL, NULL, NULL, NULL, NULL, NULL, '1', '1', NULL, '2021-08-23 13:55:52', '2021-08-23 13:55:52'),
(184, NULL, '2021-08-05', 4, 1330480, 1596576, 66524, 39414, 3941, 319315, 999322, NULL, NULL, NULL, NULL, NULL, NULL, NULL, NULL, '1', '1', NULL, '2021-08-23 13:55:52', '2021-08-23 13:55:52'),
(185, NULL, '2021-08-05', 5, 2043165, 2451798, 102158, 32760, 3276, 490360, 854700, NULL, NULL, NULL, NULL, NULL, NULL, NULL, NULL, '1', '1', NULL, '2021-08-23 13:55:52', '2021-08-23 13:55:52'),
(186, NULL, '2021-08-05', 6, 1761446, 2113735, 88072, 43681, 4368, 422747, 2108305, NULL, NULL, NULL, NULL, NULL, NULL, NULL, NULL, '1', '1', NULL, '2021-08-23 13:55:52', '2021-08-23 13:55:52'),
(187, NULL, '2021-08-05', 7, 2090615, 2508738, 104531, 61947, 6195, 501748, 2212873, NULL, NULL, NULL, NULL, NULL, NULL, NULL, NULL, '1', '1', NULL, '2021-08-23 13:55:52', '2021-08-23 13:55:52'),
(188, NULL, '2021-08-05', 8, 1228151, 1473781, 61408, 74597, 7460, 294756, 954849, NULL, NULL, NULL, NULL, NULL, NULL, NULL, NULL, '1', '1', NULL, '2021-08-23 13:55:52', '2021-08-23 13:55:52'),
(189, NULL, '2021-08-05', 9, 2370546, 2844655, 118527, 13820, 1382, 568931, 2174295, NULL, NULL, NULL, NULL, NULL, NULL, NULL, NULL, '1', '1', NULL, '2021-08-23 13:55:52', '2021-08-23 13:55:52'),
(190, NULL, '2021-08-05', 10, 1978500, 2374200, 98925, 55567, 5557, 474840, 1005728, NULL, NULL, NULL, NULL, NULL, NULL, NULL, NULL, '1', '1', NULL, '2021-08-23 13:55:52', '2021-08-23 13:55:52'),
(191, NULL, '2021-08-04', 1, 2179133, 2614960, 108957, 49799, 4980, 522992, 2371086, NULL, NULL, NULL, NULL, NULL, NULL, NULL, NULL, '1', '1', NULL, '2021-08-23 13:55:52', '2021-08-23 13:55:52'),
(192, NULL, '2021-08-04', 2, 1662224, 1994669, 83111, 35814, 3581, 398934, 866425, NULL, NULL, NULL, NULL, NULL, NULL, NULL, NULL, '1', '1', NULL, '2021-08-23 13:55:52', '2021-08-23 13:55:52'),
(193, NULL, '2021-08-04', 3, 1280689, 1536827, 64034, 73950, 7395, 307365, 2062255, NULL, NULL, NULL, NULL, NULL, NULL, NULL, NULL, '1', '1', NULL, '2021-08-23 13:55:52', '2021-08-23 13:55:52'),
(194, NULL, '2021-08-04', 4, 1325285, 1590342, 66264, 26300, 2630, 318068, 1781296, NULL, NULL, NULL, NULL, NULL, NULL, NULL, NULL, '1', '1', NULL, '2021-08-23 13:55:52', '2021-08-23 13:55:52'),
(195, NULL, '2021-08-04', 5, 2210327, 2652392, 110516, 34356, 3436, 530478, 2034190, NULL, NULL, NULL, NULL, NULL, NULL, NULL, NULL, '1', '1', NULL, '2021-08-23 13:55:52', '2021-08-23 13:55:52'),
(196, NULL, '2021-08-04', 6, 1588579, 1906295, 79429, 57229, 5723, 381259, 620934, NULL, NULL, NULL, NULL, NULL, NULL, NULL, NULL, '1', '1', NULL, '2021-08-23 13:55:52', '2021-08-23 13:55:52'),
(197, NULL, '2021-08-04', 7, 2197008, 2636410, 109850, 6302, 630, 527282, 2358141, NULL, NULL, NULL, NULL, NULL, NULL, NULL, NULL, '1', '1', NULL, '2021-08-23 13:55:52', '2021-08-23 13:55:52'),
(198, NULL, '2021-08-04', 8, 2361052, 2833262, 118053, 21320, 2132, 566652, 1907204, NULL, NULL, NULL, NULL, NULL, NULL, NULL, NULL, '1', '1', NULL, '2021-08-23 13:55:52', '2021-08-23 13:55:52'),
(199, NULL, '2021-08-04', 9, 1508205, 1809846, 75410, 42486, 4249, 361969, 1403961, NULL, NULL, NULL, NULL, NULL, NULL, NULL, NULL, '1', '1', NULL, '2021-08-23 13:55:52', '2021-08-23 13:55:52'),
(200, NULL, '2021-08-04', 10, 2385448, 2862538, 119272, 67604, 6760, 572508, 2051365, NULL, NULL, NULL, NULL, NULL, NULL, NULL, NULL, '1', '1', NULL, '2021-08-23 13:55:52', '2021-08-23 13:55:52'),
(201, NULL, '2021-08-03', 1, 2350003, 2820004, 117500, 25709, 2571, 564001, 2410195, NULL, NULL, NULL, NULL, NULL, NULL, NULL, NULL, '1', '1', NULL, '2021-08-23 13:55:52', '2021-08-23 13:55:52'),
(202, NULL, '2021-08-03', 2, 2382560, 2859072, 119128, 11802, 1180, 571814, 235647, NULL, NULL, NULL, NULL, NULL, NULL, NULL, NULL, '1', '1', NULL, '2021-08-23 13:55:52', '2021-08-23 13:55:52'),
(203, NULL, '2021-08-03', 3, 2426297, 2911556, 121315, 26555, 2656, 582311, 459391, NULL, NULL, NULL, NULL, NULL, NULL, NULL, NULL, '1', '1', NULL, '2021-08-23 13:55:52', '2021-08-23 13:55:52'),
(204, NULL, '2021-08-03', 4, 2181953, 2618344, 109098, 57510, 5751, 523669, 950180, NULL, NULL, NULL, NULL, NULL, NULL, NULL, NULL, '1', '1', NULL, '2021-08-23 13:55:52', '2021-08-23 13:55:52'),
(205, NULL, '2021-08-03', 5, 1559730, 1871676, 77987, 6200, 620, 374335, 961005, NULL, NULL, NULL, NULL, NULL, NULL, NULL, NULL, '1', '1', NULL, '2021-08-23 13:55:52', '2021-08-23 13:55:52'),
(206, NULL, '2021-08-03', 6, 1990376, 2388451, 99519, 32103, 3210, 477690, 506644, NULL, NULL, NULL, NULL, NULL, NULL, NULL, NULL, '1', '1', NULL, '2021-08-23 13:55:52', '2021-08-23 13:55:52'),
(207, NULL, '2021-08-03', 7, 2182644, 2619173, 109132, 65659, 6566, 523835, 1806354, NULL, NULL, NULL, NULL, NULL, NULL, NULL, NULL, '1', '1', NULL, '2021-08-23 13:55:52', '2021-08-23 13:55:52'),
(208, NULL, '2021-08-03', 8, 1603602, 1924322, 80180, 33776, 3378, 384864, 438403, NULL, NULL, NULL, NULL, NULL, NULL, NULL, NULL, '1', '1', NULL, '2021-08-23 13:55:52', '2021-08-23 13:55:52'),
(209, NULL, '2021-08-03', 9, 1168760, 1402512, 58438, 13020, 1302, 280502, 2482722, NULL, NULL, NULL, NULL, NULL, NULL, NULL, NULL, '1', '1', NULL, '2021-08-23 13:55:52', '2021-08-23 13:55:52'),
(210, NULL, '2021-08-03', 10, 2116239, 2539487, 105812, 24820, 2482, 507897, 1164268, NULL, NULL, NULL, NULL, NULL, NULL, NULL, NULL, '1', '1', NULL, '2021-08-23 13:55:52', '2021-08-23 13:55:52'),
(211, NULL, '2021-08-02', 1, 2169538, 2603446, 108477, 62652, 6265, 520689, 1865298, NULL, NULL, NULL, NULL, NULL, NULL, NULL, NULL, '1', '1', NULL, '2021-08-23 13:55:52', '2021-08-23 13:55:52'),
(212, NULL, '2021-08-02', 2, 1277112, 1532534, 63856, 53617, 5362, 306507, 2487723, NULL, NULL, NULL, NULL, NULL, NULL, NULL, NULL, '1', '1', NULL, '2021-08-23 13:55:52', '2021-08-23 13:55:52'),
(213, NULL, '2021-08-02', 3, 2042244, 2450693, 102112, 36021, 3602, 490139, 1872337, NULL, NULL, NULL, NULL, NULL, NULL, NULL, NULL, '1', '1', NULL, '2021-08-23 13:55:52', '2021-08-23 13:55:52'),
(214, NULL, '2021-08-02', 4, 2449250, 2939100, 122463, 36940, 3694, 587820, 2363770, NULL, NULL, NULL, NULL, NULL, NULL, NULL, NULL, '1', '1', NULL, '2021-08-23 13:55:52', '2021-08-23 13:55:52'),
(215, NULL, '2021-08-02', 5, 1913798, 2296558, 95690, 12874, 1287, 459312, 156656, NULL, NULL, NULL, NULL, NULL, NULL, NULL, NULL, '1', '1', NULL, '2021-08-23 13:55:52', '2021-08-23 13:55:52'),
(216, NULL, '2021-08-02', 6, 1452108, 1742530, 72605, 2057, 206, 348506, 2340653, NULL, NULL, NULL, NULL, NULL, NULL, NULL, NULL, '1', '1', NULL, '2021-08-23 13:55:52', '2021-08-23 13:55:52'),
(217, NULL, '2021-08-02', 7, 1387093, 1664512, 69355, 59088, 5909, 332902, 1907420, NULL, NULL, NULL, NULL, NULL, NULL, NULL, NULL, '1', '1', NULL, '2021-08-23 13:55:52', '2021-08-23 13:55:52'),
(218, NULL, '2021-08-02', 8, 1801957, 2162348, 90098, 72166, 7217, 432470, 694025, NULL, NULL, NULL, NULL, NULL, NULL, NULL, NULL, '1', '1', NULL, '2021-08-23 13:55:52', '2021-08-23 13:55:52'),
(219, NULL, '2021-08-02', 9, 1475292, 1770350, 73765, 2284, 228, 354070, 2110850, NULL, NULL, NULL, NULL, NULL, NULL, NULL, NULL, '1', '1', NULL, '2021-08-23 13:55:52', '2021-08-23 13:55:52'),
(220, NULL, '2021-08-02', 10, 1763413, 2116096, 88171, 74929, 7493, 423219, 1221271, NULL, NULL, NULL, NULL, NULL, NULL, NULL, NULL, '1', '1', NULL, '2021-08-23 13:55:52', '2021-08-23 13:55:52'),
(221, NULL, '2021-08-01', 1, 1248174, 1497809, 62409, 38987, 3899, 299562, 2413676, NULL, NULL, NULL, NULL, NULL, NULL, NULL, NULL, '1', '1', NULL, '2021-08-23 13:55:52', '2021-08-23 13:55:52'),
(222, NULL, '2021-08-01', 2, 1845210, 2214252, 92261, 54766, 5477, 442850, 1672432, NULL, NULL, NULL, NULL, NULL, NULL, NULL, NULL, '1', '1', NULL, '2021-08-23 13:55:52', '2021-08-23 13:55:52'),
(223, NULL, '2021-08-01', 3, 1350095, 1620114, 67505, 33030, 3303, 324023, 1191155, NULL, NULL, NULL, NULL, NULL, NULL, NULL, NULL, '1', '1', NULL, '2021-08-23 13:55:52', '2021-08-23 13:55:52'),
(224, NULL, '2021-08-01', 4, 1535813, 1842976, 76791, 20093, 2009, 368595, 1019416, NULL, NULL, NULL, NULL, NULL, NULL, NULL, NULL, '1', '1', NULL, '2021-08-23 13:55:52', '2021-08-23 13:55:52'),
(225, NULL, '2021-08-01', 5, 1489159, 1786991, 74458, 43212, 4321, 357398, 1969187, NULL, NULL, NULL, NULL, NULL, NULL, NULL, NULL, '1', '1', NULL, '2021-08-23 13:55:52', '2021-08-23 13:55:52'),
(226, NULL, '2021-08-01', 6, 1601297, 1921556, 80065, 39748, 3975, 384311, 1856628, NULL, NULL, NULL, NULL, NULL, NULL, NULL, NULL, '1', '1', NULL, '2021-08-23 13:55:52', '2021-08-23 13:55:52'),
(227, NULL, '2021-08-01', 7, 1574171, 1889005, 78709, 33111, 3311, 377801, 202828, NULL, NULL, NULL, NULL, NULL, NULL, NULL, NULL, '1', '1', NULL, '2021-08-23 13:55:52', '2021-08-23 13:55:52'),
(228, NULL, '2021-08-01', 8, 1346326, 1615591, 67316, 33172, 3317, 323118, 883284, NULL, NULL, NULL, NULL, NULL, NULL, NULL, NULL, '1', '1', NULL, '2021-08-23 13:55:52', '2021-08-23 13:55:52'),
(229, NULL, '2021-08-01', 9, 1335821, 1602985, 66791, 47285, 4729, 320597, 652386, NULL, NULL, NULL, NULL, NULL, NULL, NULL, NULL, '1', '1', NULL, '2021-08-23 13:55:52', '2021-08-23 13:55:52'),
(230, NULL, '2021-08-01', 10, 1119922, 1343906, 55996, 18679, 1868, 268781, 1344570, NULL, NULL, NULL, NULL, NULL, NULL, NULL, NULL, '1', '1', NULL, '2021-08-23 13:55:52', '2021-08-23 13:55:52'),
(231, NULL, '2021-08-25', 2, 1000000, NULL, NULL, NULL, NULL, -910000, NULL, NULL, NULL, NULL, NULL, NULL, NULL, NULL, NULL, '2', '2', '2021-08-27 16:00:03', '2021-08-25 01:50:07', '2021-08-27 16:00:03'),
(232, NULL, '2021-08-02', 11, 29500000, 28113000, 696000, 16700000, 2484000, 572000, 74539000, NULL, NULL, NULL, NULL, NULL, NULL, NULL, NULL, '4', '4', NULL, '2021-08-26 04:10:17', '2021-08-27 01:13:23'),
(233, NULL, '2021-08-03', 11, 29000000, 19599000, 696000, 14500000, 2280000, -7487000, 61290000, NULL, NULL, NULL, NULL, NULL, NULL, NULL, NULL, '4', '4', NULL, '2021-08-26 04:12:49', '2021-08-26 04:12:49'),
(234, NULL, '2021-08-04', 11, 33450000, 26138000, 356000, 0, 0, -4657500, 55883000, NULL, NULL, NULL, NULL, NULL, NULL, NULL, NULL, '4', '4', NULL, '2021-08-26 04:29:18', '2021-08-26 04:29:18'),
(235, NULL, '2021-08-26', 11, 0, 0, 0, 0, 0, 0, 0, NULL, NULL, NULL, NULL, NULL, NULL, NULL, NULL, '4', '4', NULL, '2021-08-26 04:30:58', '2021-08-27 01:15:17'),
(236, NULL, '2021-08-05', 11, 25750000, 26048000, 620000, 0, 0, 1995500, 57359500, NULL, NULL, NULL, NULL, NULL, NULL, NULL, NULL, '4', '4', NULL, '2021-08-26 04:32:20', '2021-08-26 04:32:20'),
(237, NULL, '2021-08-06', 11, 24700000, 22143000, 1213000, 0, 0, -1547000, 55858500, NULL, NULL, NULL, NULL, NULL, NULL, NULL, NULL, '4', '4', NULL, '2021-08-26 04:33:34', '2021-08-26 04:33:34'),
(238, NULL, '2021-08-07', 11, 36500000, 30125000, 60000, 0, 0, -3150000, 51795000, NULL, NULL, NULL, NULL, NULL, NULL, NULL, NULL, '4', '4', NULL, '2021-08-26 04:36:55', '2021-08-26 04:36:55'),
(239, NULL, '2021-08-09', 11, 19850000, 24157000, 100000, 0, 0, 5993500, 57282500, NULL, NULL, NULL, NULL, NULL, NULL, NULL, NULL, '4', '4', NULL, '2021-08-26 04:38:09', '2021-08-26 04:38:09'),
(240, NULL, '2021-08-11', 11, 10000000, 12000000, 50000, 0, 0, 2850000, 69000000, NULL, NULL, NULL, NULL, NULL, NULL, NULL, NULL, '4', '4', NULL, '2021-08-27 01:14:28', '2021-08-27 01:14:28'),
(241, NULL, '2021-08-27', 2, 1000000, 1200000, 150000, 39, 55, 140000, 80000000, NULL, NULL, NULL, NULL, NULL, NULL, NULL, NULL, '2', '2', NULL, '2021-08-27 16:01:02', '2021-08-27 16:15:03'),
(242, NULL, '2021-08-02', 12, 15000000, 10000000, 0, 0, 0, -3650000, 175000000, 1, NULL, NULL, NULL, NULL, NULL, NULL, NULL, '5', '5', NULL, '2021-08-27 16:05:03', '2021-08-27 16:05:03'),
(243, NULL, '2021-07-01', 12, 20000000, 15000000, 0, 5000000, 6000000, -3200000, 125000000, 1, NULL, NULL, NULL, NULL, NULL, NULL, NULL, '5', '5', NULL, '2021-08-27 16:06:01', '2021-08-27 16:06:01'),
(244, NULL, '2021-08-03', 12, 15000000, 12000000, 500000, 0, 0, -2150000, 100000000, 2, NULL, NULL, NULL, NULL, NULL, NULL, NULL, '5', '5', NULL, '2021-08-27 16:12:10', '2021-08-27 16:12:10'),
(245, NULL, '2021-07-02', 12, 35000000, 25000000, 1000000, 0, 0, -7850000, 75000000, 2, NULL, NULL, NULL, NULL, NULL, NULL, NULL, '5', '5', NULL, '2021-08-27 16:12:48', '2021-08-27 16:12:48');

-- --------------------------------------------------------

--
-- Table structure for table `permissions`
--

CREATE TABLE `permissions` (
  `id` bigint(20) UNSIGNED NOT NULL,
  `name` varchar(255) COLLATE utf8mb4_unicode_ci NOT NULL,
  `guard_name` varchar(255) COLLATE utf8mb4_unicode_ci NOT NULL,
  `created_at` timestamp NULL DEFAULT NULL,
  `updated_at` timestamp NULL DEFAULT NULL
) ENGINE=InnoDB DEFAULT CHARSET=utf8mb4 COLLATE=utf8mb4_unicode_ci;

--
-- Dumping data for table `permissions`
--

INSERT INTO `permissions` (`id`, `name`, `guard_name`, `created_at`, `updated_at`) VALUES
(1, 'dashboard', 'web', '2021-08-24 15:49:14', '2021-08-24 15:49:14'),
(2, 'data-master', 'web', '2021-08-24 15:49:14', '2021-08-24 15:49:14'),
(3, 'perkembangan', 'web', '2021-08-24 15:49:15', '2021-08-24 15:49:15'),
(4, 'input-data', 'web', '2021-08-24 15:49:15', '2021-08-24 15:49:15'),
(5, 'management-user', 'web', '2021-08-24 15:49:15', '2021-08-24 15:49:15');

-- --------------------------------------------------------

--
-- Table structure for table `program_kerjas`
--

CREATE TABLE `program_kerjas` (
  `id` bigint(20) UNSIGNED NOT NULL,
  `tanggal` date NOT NULL,
  `cabang` int(11) DEFAULT NULL,
  `drops` bigint(20) DEFAULT NULL,
  `storting` bigint(20) DEFAULT NULL,
  `psp` bigint(20) DEFAULT NULL,
  `drop_tunda` bigint(20) DEFAULT NULL,
  `storting_tunda` bigint(20) DEFAULT NULL,
  `tkp` bigint(20) DEFAULT NULL,
  `sisa_kas` bigint(20) DEFAULT NULL,
  `created_by` varchar(255) COLLATE utf8mb4_unicode_ci DEFAULT NULL,
  `updated_by` varchar(255) COLLATE utf8mb4_unicode_ci DEFAULT NULL,
  `deleted_at` timestamp NULL DEFAULT NULL,
  `created_at` timestamp NULL DEFAULT NULL,
  `updated_at` timestamp NULL DEFAULT NULL
) ENGINE=InnoDB DEFAULT CHARSET=utf8mb4 COLLATE=utf8mb4_unicode_ci;

--
-- Dumping data for table `program_kerjas`
--

INSERT INTO `program_kerjas` (`id`, `tanggal`, `cabang`, `drops`, `storting`, `psp`, `drop_tunda`, `storting_tunda`, `tkp`, `sisa_kas`, `created_by`, `updated_by`, `deleted_at`, `created_at`, `updated_at`) VALUES
(1, '2021-08-23', 1, 12436990, 62184950, 621850, 734105, 73411, 50245440, 16551707, '1', '1', NULL, '2021-08-23 13:56:01', '2021-08-23 13:56:01'),
(2, '2021-08-23', 2, 20380251, 101901255, 1019013, 646604, 64660, 82336214, 20213449, '1', '1', NULL, '2021-08-23 13:56:01', '2021-08-23 13:56:01'),
(3, '2021-08-23', 3, 20557509, 102787545, 1027875, 495322, 49532, 83052336, 7636134, '1', '1', NULL, '2021-08-23 13:56:01', '2021-08-23 13:56:01'),
(4, '2021-08-23', 4, 10964948, 54824740, 548247, 636285, 63629, 44298390, 18364453, '1', '1', NULL, '2021-08-23 13:56:01', '2021-08-23 13:56:01'),
(5, '2021-08-23', 5, 20639783, 103198915, 1031989, 324001, 32400, 83384723, 2140486, '1', '1', NULL, '2021-08-23 13:56:01', '2021-08-23 13:56:01'),
(6, '2021-08-23', 6, 17281920, 86409600, 864096, 405355, 40536, 69818957, 23238028, '1', '1', NULL, '2021-08-23 13:56:01', '2021-08-23 13:56:01'),
(7, '2021-08-23', 7, 12061495, 60307475, 603075, 43941, 4394, 48728440, 12934626, '1', '1', NULL, '2021-08-23 13:56:01', '2021-08-23 13:56:01'),
(8, '2021-08-23', 8, 24271077, 121355385, 1213554, 714460, 71446, 98055151, 5347542, '1', '1', NULL, '2021-08-23 13:56:01', '2021-08-23 13:56:01'),
(9, '2021-08-23', 9, 23980985, 119904925, 1199049, 605338, 60534, 96883179, 9592278, '1', '1', NULL, '2021-08-23 13:56:01', '2021-08-23 13:56:01'),
(10, '2021-08-23', 10, 11928751, 59643755, 596438, 717107, 71711, 48192154, 15141416, '1', '1', NULL, '2021-08-23 13:56:01', '2021-08-23 13:56:01'),
(11, '2021-08-26', 11, 500000000, 600000000, 0, 50000000, 10000000, 145000000, 0, '1', '1', NULL, '2021-08-26 04:14:24', '2021-08-26 04:14:24'),
(12, '2021-07-01', 12, 250000000, 300000000, 0, 15000000, 10000000, 72500000, 0, '1', '1', NULL, '2021-08-27 16:07:54', '2021-08-27 16:07:54'),
(13, '2021-08-01', 12, 300000000, 360000000, 0, 15000000, 5000000, 87000000, 0, '1', '1', NULL, '2021-08-27 16:08:33', '2021-08-27 16:08:33');

-- --------------------------------------------------------

--
-- Table structure for table `reports`
--

CREATE TABLE `reports` (
  `id` bigint(20) UNSIGNED NOT NULL,
  `tanggal` date NOT NULL,
  `cabang` int(11) DEFAULT NULL,
  `drop` bigint(20) DEFAULT NULL,
  `storting` bigint(20) DEFAULT NULL,
  `psp` bigint(20) DEFAULT NULL,
  `drop_tunda` bigint(20) DEFAULT NULL,
  `storting_tunda` bigint(20) DEFAULT NULL,
  `tkp` bigint(20) DEFAULT NULL,
  `sisa_kas` bigint(20) DEFAULT NULL,
  `created_by` varchar(255) COLLATE utf8mb4_unicode_ci DEFAULT NULL,
  `updated_by` varchar(255) COLLATE utf8mb4_unicode_ci DEFAULT NULL,
  `deleted_at` timestamp NULL DEFAULT NULL,
  `created_at` timestamp NULL DEFAULT NULL,
  `updated_at` timestamp NULL DEFAULT NULL
) ENGINE=InnoDB DEFAULT CHARSET=utf8mb4 COLLATE=utf8mb4_unicode_ci;

--
-- Dumping data for table `reports`
--

INSERT INTO `reports` (`id`, `tanggal`, `cabang`, `drop`, `storting`, `psp`, `drop_tunda`, `storting_tunda`, `tkp`, `sisa_kas`, `created_by`, `updated_by`, `deleted_at`, `created_at`, `updated_at`) VALUES
(1, '2021-08-15', 2, 15000000, 25000000, 35000, 500000, 250000, 11315000, 9000000, '1', '1', NULL, '2021-08-15 07:08:05', '2021-08-15 07:08:05');

-- --------------------------------------------------------

--
-- Table structure for table `roles`
--

CREATE TABLE `roles` (
  `id` bigint(20) UNSIGNED NOT NULL,
  `name` varchar(255) COLLATE utf8mb4_unicode_ci NOT NULL,
  `guard_name` varchar(255) COLLATE utf8mb4_unicode_ci NOT NULL,
  `created_at` timestamp NULL DEFAULT NULL,
  `updated_at` timestamp NULL DEFAULT NULL
) ENGINE=InnoDB DEFAULT CHARSET=utf8mb4 COLLATE=utf8mb4_unicode_ci;

--
-- Dumping data for table `roles`
--

INSERT INTO `roles` (`id`, `name`, `guard_name`, `created_at`, `updated_at`) VALUES
(1, 'admin', 'web', '2021-08-24 15:49:15', '2021-08-24 15:49:15'),
(2, 'user', 'web', '2021-08-24 15:49:15', '2021-08-24 15:49:15');

-- --------------------------------------------------------

--
-- Table structure for table `role_has_permissions`
--

CREATE TABLE `role_has_permissions` (
  `permission_id` bigint(20) UNSIGNED NOT NULL,
  `role_id` bigint(20) UNSIGNED NOT NULL
) ENGINE=InnoDB DEFAULT CHARSET=utf8mb4 COLLATE=utf8mb4_unicode_ci;

--
-- Dumping data for table `role_has_permissions`
--

INSERT INTO `role_has_permissions` (`permission_id`, `role_id`) VALUES
(1, 1),
(1, 2),
(2, 1),
(3, 1),
(3, 2),
(4, 2),
(5, 1);

-- --------------------------------------------------------

--
-- Table structure for table `users`
--

CREATE TABLE `users` (
  `id` bigint(20) UNSIGNED NOT NULL,
  `name` varchar(255) COLLATE utf8mb4_unicode_ci NOT NULL,
  `email` varchar(255) COLLATE utf8mb4_unicode_ci NOT NULL,
  `cabang_id` bigint(20) DEFAULT NULL,
  `created_by` bigint(20) DEFAULT NULL,
  `email_verified_at` timestamp NULL DEFAULT NULL,
  `password` varchar(255) COLLATE utf8mb4_unicode_ci NOT NULL,
  `remember_token` varchar(100) COLLATE utf8mb4_unicode_ci DEFAULT NULL,
  `created_at` timestamp NULL DEFAULT NULL,
  `updated_at` timestamp NULL DEFAULT NULL
) ENGINE=InnoDB DEFAULT CHARSET=utf8mb4 COLLATE=utf8mb4_unicode_ci;

--
-- Dumping data for table `users`
--

INSERT INTO `users` (`id`, `name`, `email`, `cabang_id`, `created_by`, `email_verified_at`, `password`, `remember_token`, `created_at`, `updated_at`) VALUES
(1, 'super-admin', 'superadmin@siperan.com', 1, NULL, NULL, '$2y$10$Iykp0Ub25LiEmvcH9.GgweQ3sQH580uLvrpQgdpDbwY.G0SZKCAm2', NULL, '2021-08-14 06:59:33', '2021-08-14 06:59:33'),
(2, 'user', 'user@siperan.com', 2, 1, NULL, '$2y$10$M8w78NaCxyYaQdA5RUK6mePddvM4t/VXbUSJRubnSYDl0/kPKULKK', NULL, '2021-08-24 15:58:02', '2021-08-24 15:58:02'),
(3, 'banyumas@siperan.com', 'banyumas@siperan.com', 4, 1, NULL, '$2y$10$n7P7WKJQsHyRMNdN2W9euOjQYGiev8svxYpZZ9iHZ8P24m0QueKCS', NULL, '2021-08-26 03:49:01', '2021-08-26 03:49:01'),
(4, 'kersana@siperan.com', 'kersana@siperan.com', 11, 1, NULL, '$2y$10$aeQKmyvZexzKhwEIZWi6BeSpeu6YMe7B3oYtF..qXmJTNx0nHCr6K', NULL, '2021-08-26 04:08:13', '2021-08-26 04:08:13'),
(5, 'Csg@siperan.com', 'csg@siperan.com', 12, 1, NULL, '$2y$10$bJYmcFWhstDoAjesZRRXGuC0zGATvm2igTym2ERtbfDJSn3FRUjbq', NULL, '2021-08-27 16:02:41', '2021-08-27 16:04:09');

--
-- Indexes for dumped tables
--

--
-- Indexes for table `failed_jobs`
--
ALTER TABLE `failed_jobs`
  ADD PRIMARY KEY (`id`);

--
-- Indexes for table `kantor_cabangs`
--
ALTER TABLE `kantor_cabangs`
  ADD PRIMARY KEY (`id`);

--
-- Indexes for table `migrations`
--
ALTER TABLE `migrations`
  ADD PRIMARY KEY (`id`);

--
-- Indexes for table `model_has_permissions`
--
ALTER TABLE `model_has_permissions`
  ADD PRIMARY KEY (`permission_id`,`model_id`,`model_type`),
  ADD KEY `model_has_permissions_model_id_model_type_index` (`model_id`,`model_type`);

--
-- Indexes for table `model_has_roles`
--
ALTER TABLE `model_has_roles`
  ADD PRIMARY KEY (`role_id`,`model_id`,`model_type`),
  ADD KEY `model_has_roles_model_id_model_type_index` (`model_id`,`model_type`);

--
-- Indexes for table `password_resets`
--
ALTER TABLE `password_resets`
  ADD KEY `password_resets_email_index` (`email`);

--
-- Indexes for table `perkembangans`
--
ALTER TABLE `perkembangans`
  ADD PRIMARY KEY (`id`);

--
-- Indexes for table `permissions`
--
ALTER TABLE `permissions`
  ADD PRIMARY KEY (`id`),
  ADD UNIQUE KEY `permissions_name_guard_name_unique` (`name`,`guard_name`);

--
-- Indexes for table `program_kerjas`
--
ALTER TABLE `program_kerjas`
  ADD PRIMARY KEY (`id`);

--
-- Indexes for table `reports`
--
ALTER TABLE `reports`
  ADD PRIMARY KEY (`id`);

--
-- Indexes for table `roles`
--
ALTER TABLE `roles`
  ADD PRIMARY KEY (`id`),
  ADD UNIQUE KEY `roles_name_guard_name_unique` (`name`,`guard_name`);

--
-- Indexes for table `role_has_permissions`
--
ALTER TABLE `role_has_permissions`
  ADD PRIMARY KEY (`permission_id`,`role_id`),
  ADD KEY `role_has_permissions_role_id_foreign` (`role_id`);

--
-- Indexes for table `users`
--
ALTER TABLE `users`
  ADD PRIMARY KEY (`id`),
  ADD UNIQUE KEY `users_email_unique` (`email`);

--
-- AUTO_INCREMENT for dumped tables
--

--
-- AUTO_INCREMENT for table `failed_jobs`
--
ALTER TABLE `failed_jobs`
  MODIFY `id` bigint(20) UNSIGNED NOT NULL AUTO_INCREMENT;

--
-- AUTO_INCREMENT for table `kantor_cabangs`
--
ALTER TABLE `kantor_cabangs`
  MODIFY `id` bigint(20) UNSIGNED NOT NULL AUTO_INCREMENT, AUTO_INCREMENT=13;

--
-- AUTO_INCREMENT for table `migrations`
--
ALTER TABLE `migrations`
  MODIFY `id` int(10) UNSIGNED NOT NULL AUTO_INCREMENT, AUTO_INCREMENT=14;

--
-- AUTO_INCREMENT for table `perkembangans`
--
ALTER TABLE `perkembangans`
  MODIFY `id` bigint(20) UNSIGNED NOT NULL AUTO_INCREMENT, AUTO_INCREMENT=246;

--
-- AUTO_INCREMENT for table `permissions`
--
ALTER TABLE `permissions`
  MODIFY `id` bigint(20) UNSIGNED NOT NULL AUTO_INCREMENT, AUTO_INCREMENT=6;

--
-- AUTO_INCREMENT for table `program_kerjas`
--
ALTER TABLE `program_kerjas`
  MODIFY `id` bigint(20) UNSIGNED NOT NULL AUTO_INCREMENT, AUTO_INCREMENT=14;

--
-- AUTO_INCREMENT for table `reports`
--
ALTER TABLE `reports`
  MODIFY `id` bigint(20) UNSIGNED NOT NULL AUTO_INCREMENT, AUTO_INCREMENT=2;

--
-- AUTO_INCREMENT for table `roles`
--
ALTER TABLE `roles`
  MODIFY `id` bigint(20) UNSIGNED NOT NULL AUTO_INCREMENT, AUTO_INCREMENT=3;

--
-- AUTO_INCREMENT for table `users`
--
ALTER TABLE `users`
  MODIFY `id` bigint(20) UNSIGNED NOT NULL AUTO_INCREMENT, AUTO_INCREMENT=6;

--
-- Constraints for dumped tables
--

--
-- Constraints for table `model_has_permissions`
--
ALTER TABLE `model_has_permissions`
  ADD CONSTRAINT `model_has_permissions_permission_id_foreign` FOREIGN KEY (`permission_id`) REFERENCES `permissions` (`id`) ON DELETE CASCADE;

--
-- Constraints for table `model_has_roles`
--
ALTER TABLE `model_has_roles`
  ADD CONSTRAINT `model_has_roles_role_id_foreign` FOREIGN KEY (`role_id`) REFERENCES `roles` (`id`) ON DELETE CASCADE;

--
-- Constraints for table `role_has_permissions`
--
ALTER TABLE `role_has_permissions`
  ADD CONSTRAINT `role_has_permissions_permission_id_foreign` FOREIGN KEY (`permission_id`) REFERENCES `permissions` (`id`) ON DELETE CASCADE,
  ADD CONSTRAINT `role_has_permissions_role_id_foreign` FOREIGN KEY (`role_id`) REFERENCES `roles` (`id`) ON DELETE CASCADE;
COMMIT;

/*!40101 SET CHARACTER_SET_CLIENT=@OLD_CHARACTER_SET_CLIENT */;
/*!40101 SET CHARACTER_SET_RESULTS=@OLD_CHARACTER_SET_RESULTS */;
/*!40101 SET COLLATION_CONNECTION=@OLD_COLLATION_CONNECTION */;
